rank,resume_id,resume_name,job_id,job_title,company,city,skill_score,education_score,experience_score,city_score,salary_score,cert_score,tfidf_sim,jaccard_sim,semantic_sim,final_score
1,R001,张伟,J001,后端开发工程师,杭州云智科技,杭州,100.0,100.0,100.0,20.0,100.0,100.0,14.91,60.0,32.94,67.68
2,R001,张伟,J003,数据分析师,上海数联科技有限公司,上海,85.0,100.0,100.0,100.0,100.0,100.0,2.22,25.0,11.33,62.8
3,R001,张伟,J015,供应链数据分析师,上海京东物流,上海,85.0,100.0,100.0,100.0,100.0,25.0,1.18,25.0,10.71,58.93
4,R001,张伟,J009,DevOps工程师,上海蚂蚁金服,上海,75.0,100.0,100.0,100.0,0.0,25.0,2.99,23.08,11.02,55.99
5,R001,张伟,J014,全栈开发工程师,广州腾讯系创业公司,广州,75.0,100.0,100.0,20.0,100.0,100.0,4.03,23.08,11.65,55.86
6,R001,张伟,J004,Java开发工程师,南昌智创软件,南昌,85.0,100.0,100.0,20.0,100.0,25.0,7.03,25.0,14.22,55.63
7,R001,张伟,J018,运营数据分析师,杭州阿里巴巴,杭州,75.0,100.0,100.0,20.0,100.0,100.0,1.23,23.08,9.97,55.53
8,R001,张伟,J002,算法工程师（机器学习）,深圳AI研究院,深圳,91.67,75.0,100.0,20.0,0.0,25.0,6.92,33.33,17.48,54.55
9,R001,张伟,J006,测试工程师,深圳华为外包中心,深圳,65.0,100.0,100.0,20.0,78.57,25.0,1.65,15.38,7.15,48.2
10,R001,张伟,J008,产品经理（数据产品）,北京字节数据,北京,65.0,100.0,100.0,20.0,100.0,25.0,1.6,15.38,7.12,48.2
1,R002,李娜,J004,Java开发工程师,南昌智创软件,南昌,80.0,100.0,100.0,20.0,100.0,100.0,8.85,44.44,23.09,59.68
2,R002,李娜,J001,后端开发工程师,杭州云智科技,杭州,55.0,100.0,100.0,20.0,100.0,25.0,4.81,27.27,13.79,46.55
3,R002,李娜,J014,全栈开发工程师,广州腾讯系创业公司,广州,58.33,100.0,100.0,20.0,100.0,25.0,2.06,16.67,7.9,46.36
4,R002,李娜,J006,测试工程师,深圳华为外包中心,深圳,45.0,100.0,100.0,20.0,100.0,25.0,1.61,8.33,4.3,41.62
5,R002,李娜,J009,DevOps工程师,上海蚂蚁金服,上海,58.33,100.0,50.0,20.0,0.0,25.0,3.71,16.67,8.9,41.55
6,R002,李娜,J008,产品经理（数据产品）,北京字节数据,北京,25.0,100.0,100.0,100.0,0.0,25.0,0.0,0.0,0.0,38.75
7,R002,李娜,J007,嵌入式软件工程师,深圳拓疆机器人,深圳,45.0,100.0,66.67,20.0,0.0,25.0,0.42,8.33,3.59,38.15
8,R002,李娜,J012,安全工程师（渗透测试）,北京奇安信,北京,25.0,100.0,66.67,100.0,0.0,25.0,0.74,0.0,0.44,35.51
9,R002,李娜,J011,HR招聘专员,南昌智联招聘,南昌,25.0,100.0,100.0,20.0,0.0,25.0,0.72,0.0,0.43,34.84
10,R002,李娜,J003,数据分析师,上海数联科技有限公司,上海,25.0,100.0,100.0,20.0,100.0,25.0,0.0,0.0,0.0,34.75
1,R003,王强,J019,视觉算法工程师,深圳大疆创新,深圳,91.67,100.0,100.0,100.0,100.0,100.0,6.12,36.36,18.22,66.2
2,R003,王强,J002,算法工程师（机器学习）,深圳AI研究院,深圳,75.0,100.0,100.0,100.0,100.0,100.0,3.55,25.0,12.13,59.96
3,R003,王强,J001,后端开发工程师,杭州云智科技,杭州,58.33,100.0,100.0,20.0,25.0,25.0,3.29,15.38,8.13,46.4
4,R003,王强,J006,测试工程师,深圳华为外包中心,深圳,45.0,100.0,100.0,100.0,0.0,25.0,1.16,7.69,3.77,45.52
5,R003,王强,J007,嵌入式软件工程师,深圳拓疆机器人,深圳,45.0,100.0,100.0,100.0,100.0,25.0,1.12,7.69,3.75,45.51
6,R003,王强,J009,DevOps工程师,上海蚂蚁金服,上海,58.33,100.0,75.0,20.0,100.0,25.0,1.45,15.38,7.02,43.68
7,R003,王强,J003,数据分析师,上海数联科技有限公司,上海,45.0,100.0,100.0,20.0,0.0,25.0,3.58,7.69,5.23,41.81
8,R003,王强,J015,供应链数据分析师,上海京东物流,上海,45.0,100.0,100.0,20.0,25.0,25.0,1.75,7.69,4.13,41.59
9,R003,王强,J004,Java开发工程师,南昌智创软件,南昌,45.0,100.0,100.0,20.0,0.0,25.0,1.64,7.69,4.06,41.57
10,R003,王强,J018,运营数据分析师,杭州阿里巴巴,杭州,41.67,100.0,100.0,20.0,59.09,25.0,2.72,7.14,4.49,40.66
1,R004,陈静,J003,数据分析师,上海数联科技有限公司,上海,70.0,75.0,100.0,20.0,0.0,100.0,7.33,33.33,17.73,51.85
2,R004,陈静,J015,供应链数据分析师,上海京东物流,上海,90.0,75.0,50.0,20.0,0.0,25.0,9.44,50.0,25.67,50.71
3,R004,陈静,J018,运营数据分析师,杭州阿里巴巴,杭州,70.0,75.0,50.0,20.0,0.0,100.0,6.52,30.0,15.91,46.48
4,R004,陈静,J011,HR招聘专员,南昌智联招聘,南昌,45.0,100.0,100.0,100.0,100.0,25.0,0.49,9.09,3.93,45.55
5,R004,陈静,J006,测试工程师,深圳华为外包中心,深圳,45.0,100.0,100.0,20.0,16.67,25.0,1.32,9.09,4.43,41.65
6,R004,陈静,J014,全栈开发工程师,广州腾讯系创业公司,广州,58.33,75.0,50.0,20.0,0.0,100.0,1.64,18.18,8.26,41.43
7,R004,陈静,J001,后端开发工程师,杭州云智科技,杭州,58.33,75.0,50.0,20.0,0.0,100.0,1.49,18.18,8.17,41.41
8,R004,陈静,J004,Java开发工程师,南昌智创软件,南昌,45.0,75.0,50.0,100.0,0.0,25.0,1.71,9.09,4.66,36.95
9,R004,陈静,J017,教育产品经理,南昌新东方在线,南昌,45.0,75.0,50.0,100.0,0.0,25.0,0.91,9.09,4.18,36.85
10,R004,陈静,J010,UI设计师,杭州网易创意,杭州,25.0,75.0,100.0,20.0,0.0,100.0,0.0,0.0,0.0,34.75
1,R005,刘洋,J007,嵌入式软件工程师,深圳拓疆机器人,深圳,80.0,100.0,100.0,100.0,100.0,100.0,4.43,30.0,14.66,61.98
2,R005,刘洋,J013,机械结构工程师,深圳比亚迪工程,深圳,25.0,100.0,100.0,100.0,100.0,100.0,0.24,0.0,0.15,42.53
3,R005,刘洋,J001,后端开发工程师,杭州云智科技,杭州,25.0,100.0,100.0,20.0,100.0,100.0,0.98,0.0,0.59,38.62
4,R005,刘洋,J003,数据分析师,上海数联科技有限公司,上海,25.0,100.0,100.0,20.0,40.0,100.0,0.27,0.0,0.16,38.53
5,R005,刘洋,J005,前端开发工程师,广州云栖网络,广州,25.0,100.0,100.0,20.0,100.0,100.0,0.26,0.0,0.16,38.53
6,R005,刘洋,J010,UI设计师,杭州网易创意,杭州,25.0,100.0,100.0,20.0,40.0,100.0,0.27,0.0,0.16,38.53
7,R005,刘洋,J014,全栈开发工程师,广州腾讯系创业公司,广州,25.0,100.0,100.0,20.0,100.0,100.0,0.0,0.0,0.0,38.5
8,R005,刘洋,J018,运营数据分析师,杭州阿里巴巴,杭州,25.0,100.0,100.0,20.0,100.0,100.0,0.0,0.0,0.0,38.5
9,R005,刘洋,J006,测试工程师,深圳华为外包中心,深圳,25.0,100.0,100.0,100.0,14.29,12.5,0.24,0.0,0.15,38.15
10,R005,刘洋,J020,量化开发工程师,上海幻方量化,上海,41.67,75.0,100.0,20.0,44.44,12.5,0.26,7.69,3.23,36.03
1,R006,赵敏,J018,运营数据分析师,杭州阿里巴巴,杭州,75.0,100.0,100.0,100.0,9.09,25.0,17.34,27.27,21.31,58.05
2,R006,赵敏,J015,供应链数据分析师,上海京东物流,上海,85.0,100.0,100.0,20.0,54.55,25.0,12.26,30.0,19.35,56.67
3,R006,赵敏,J003,数据分析师,上海数联科技有限公司,上海,80.0,100.0,100.0,20.0,100.0,25.0,14.81,30.0,20.89,55.47
4,R006,赵敏,J001,后端开发工程师,杭州云智科技,杭州,58.33,100.0,100.0,100.0,100.0,25.0,1.84,16.67,7.77,50.33
5,R006,赵敏,J002,算法工程师（机器学习）,深圳AI研究院,深圳,58.33,75.0,66.67,20.0,0.0,100.0,3.3,16.67,8.65,43.17
6,R006,赵敏,J008,产品经理（数据产品）,北京字节数据,北京,45.0,100.0,100.0,20.0,0.0,25.0,5.99,8.33,6.93,42.15
7,R006,赵敏,J011,HR招聘专员,南昌智联招聘,南昌,45.0,100.0,100.0,20.0,33.33,25.0,1.23,8.33,4.07,41.58
8,R006,赵敏,J006,测试工程师,深圳华为外包中心,深圳,45.0,100.0,100.0,20.0,100.0,25.0,0.53,8.33,3.65,41.49
9,R006,赵敏,J017,教育产品经理,南昌新东方在线,南昌,45.0,100.0,100.0,20.0,100.0,25.0,0.54,8.33,3.66,41.49
10,R006,赵敏,J014,全栈开发工程师,广州腾讯系创业公司,广州,41.67,100.0,100.0,20.0,100.0,25.0,0.41,7.69,3.32,40.43
1,R007,孙浩,J009,DevOps工程师,上海蚂蚁金服,上海,88.33,100.0,100.0,20.0,100.0,100.0,18.92,45.45,29.54,63.48
2,R007,孙浩,J001,后端开发工程师,杭州云智科技,杭州,75.0,100.0,100.0,20.0,0.0,25.0,2.14,23.08,10.52,51.89
3,R007,孙浩,J014,全栈开发工程师,广州腾讯系创业公司,广州,58.33,100.0,100.0,20.0,0.0,25.0,1.77,14.29,6.77,46.13
4,R007,孙浩,J012,安全工程师（渗透测试）,北京奇安信,北京,41.67,100.0,100.0,100.0,100.0,25.0,0.62,6.67,3.04,44.37
5,R007,孙浩,J006,测试工程师,深圳华为外包中心,深圳,45.0,100.0,100.0,20.0,0.0,25.0,2.01,7.14,4.06,41.57
6,R007,孙浩,J004,Java开发工程师,南昌智创软件,南昌,45.0,100.0,100.0,20.0,0.0,25.0,1.91,7.14,4.0,41.56
7,R007,孙浩,J007,嵌入式软件工程师,深圳拓疆机器人,深圳,45.0,100.0,100.0,20.0,78.57,25.0,1.19,7.14,3.57,41.48
8,R007,孙浩,J003,数据分析师,上海数联科技有限公司,上海,45.0,100.0,100.0,20.0,0.0,25.0,0.19,7.14,2.97,41.35
9,R007,孙浩,J015,供应链数据分析师,上海京东物流,上海,45.0,100.0,100.0,20.0,0.0,25.0,0.18,7.14,2.97,41.35
10,R007,孙浩,J018,运营数据分析师,杭州阿里巴巴,杭州,41.67,100.0,100.0,20.0,0.0,25.0,0.19,6.67,2.78,40.32
1,R008,周婷,J003,数据分析师,上海数联科技有限公司,上海,65.0,100.0,0.0,100.0,100.0,100.0,0.96,20.0,8.58,46.25
2,R008,周婷,J015,供应链数据分析师,上海京东物流,上海,65.0,100.0,0.0,100.0,0.0,12.5,2.29,20.0,9.37,42.03
3,R008,周婷,J018,运营数据分析师,杭州阿里巴巴,杭州,58.33,100.0,0.0,20.0,0.0,100.0,9.86,18.18,13.19,41.16
4,R008,周婷,J011,HR招聘专员,南昌智联招聘,南昌,45.0,100.0,0.0,20.0,100.0,12.5,2.61,9.09,5.2,31.18
5,R008,周婷,J008,产品经理（数据产品）,北京字节数据,北京,45.0,100.0,0.0,20.0,0.0,12.5,1.51,9.09,4.54,31.05
6,R008,周婷,J017,教育产品经理,南昌新东方在线,南昌,45.0,100.0,0.0,20.0,100.0,12.5,0.36,9.09,3.85,30.91
7,R008,周婷,J001,后端开发工程师,杭州云智科技,杭州,25.0,100.0,0.0,20.0,0.0,100.0,0.4,0.0,0.24,28.55
8,R008,周婷,J005,前端开发工程师,广州云栖网络,广州,25.0,100.0,0.0,20.0,37.5,100.0,0.0,0.0,0.0,28.5
9,R008,周婷,J007,嵌入式软件工程师,深圳拓疆机器人,深圳,25.0,100.0,0.0,20.0,0.0,100.0,0.0,0.0,0.0,28.5
10,R008,周婷,J010,UI设计师,杭州网易创意,杭州,25.0,100.0,0.0,20.0,100.0,100.0,0.0,0.0,0.0,28.5
1,R009,吴磊,J001,后端开发工程师,杭州云智科技,杭州,70.0,100.0,100.0,100.0,70.0,25.0,3.74,25.0,12.24,54.74
2,R009,吴磊,J014,全栈开发工程师,广州腾讯系创业公司,广州,75.0,100.0,100.0,20.0,33.33,25.0,1.43,25.0,10.86,51.96
3,R009,吴磊,J009,DevOps工程师,上海蚂蚁金服,上海,75.0,100.0,100.0,20.0,100.0,25.0,0.74,25.0,10.44,51.88
4,R009,吴磊,J004,Java开发工程师,南昌智创软件,南昌,60.0,100.0,100.0,20.0,0.0,25.0,4.39,16.67,9.3,47.13
5,R009,吴磊,J002,算法工程师（机器学习）,深圳AI研究院,深圳,41.67,100.0,100.0,20.0,100.0,100.0,2.8,7.14,4.54,44.42
6,R009,吴磊,J018,运营数据分析师,杭州阿里巴巴,杭州,41.67,100.0,100.0,100.0,100.0,25.0,0.2,7.14,2.97,44.36
7,R009,吴磊,J019,视觉算法工程师,深圳大疆创新,深圳,41.67,100.0,100.0,20.0,31.82,100.0,0.18,7.14,2.97,44.1
8,R009,吴磊,J003,数据分析师,上海数联科技有限公司,上海,45.0,100.0,100.0,20.0,0.0,25.0,0.19,7.69,3.19,41.4
9,R009,吴磊,J015,供应链数据分析师,上海京东物流,上海,45.0,100.0,100.0,20.0,70.0,25.0,0.19,7.69,3.19,41.4
10,R009,吴磊,J012,安全工程师（渗透测试）,北京奇安信,北京,41.67,100.0,100.0,20.0,100.0,25.0,0.17,7.14,2.96,40.35
1,R010,郑雪,J011,HR招聘专员,南昌智联招聘,南昌,95.0,100.0,100.0,100.0,100.0,100.0,26.09,50.0,35.65,70.71
2,R010,郑雪,J018,运营数据分析师,杭州阿里巴巴,杭州,58.33,100.0,100.0,20.0,0.0,100.0,3.21,18.18,9.2,50.37
3,R010,郑雪,J003,数据分析师,上海数联科技有限公司,上海,45.0,100.0,100.0,20.0,28.57,100.0,0.83,9.09,4.13,45.34
4,R010,郑雪,J015,供应链数据分析师,上海京东物流,上海,45.0,100.0,100.0,20.0,0.0,25.0,0.56,9.09,3.97,41.56
5,R010,郑雪,J004,Java开发工程师,南昌智创软件,南昌,25.0,100.0,100.0,100.0,28.57,25.0,0.9,0.0,0.54,38.86
6,R010,郑雪,J001,后端开发工程师,杭州云智科技,杭州,25.0,100.0,100.0,20.0,0.0,100.0,2.3,0.0,1.38,38.78
7,R010,郑雪,J017,教育产品经理,南昌新东方在线,南昌,25.0,100.0,100.0,100.0,28.57,25.0,0.23,0.0,0.14,38.78
8,R010,郑雪,J014,全栈开发工程师,广州腾讯系创业公司,广州,25.0,100.0,100.0,20.0,0.0,100.0,0.47,0.0,0.28,38.56
9,R010,郑雪,J005,前端开发工程师,广州云栖网络,广州,25.0,100.0,100.0,20.0,0.0,100.0,0.25,0.0,0.15,38.53
10,R010,郑雪,J010,UI设计师,杭州网易创意,杭州,25.0,100.0,100.0,20.0,28.57,100.0,0.26,0.0,0.15,38.53
1,R011,黄志明,J013,机械结构工程师,深圳比亚迪工程,深圳,70.0,100.0,100.0,100.0,100.0,100.0,7.96,33.33,18.11,59.67
2,R011,黄志明,J003,数据分析师,上海数联科技有限公司,上海,45.0,100.0,100.0,20.0,100.0,100.0,0.21,9.09,3.76,45.27
3,R011,黄志明,J001,后端开发工程师,杭州云智科技,杭州,41.67,100.0,100.0,20.0,100.0,100.0,2.76,8.33,4.99,44.51
4,R011,黄志明,J014,全栈开发工程师,广州腾讯系创业公司,广州,41.67,100.0,100.0,20.0,100.0,100.0,1.0,8.33,3.93,44.3
5,R011,黄志明,J018,运营数据分析师,杭州阿里巴巴,杭州,41.67,100.0,100.0,20.0,100.0,100.0,0.21,8.33,3.46,44.2
6,R011,黄志明,J007,嵌入式软件工程师,深圳拓疆机器人,深圳,25.0,100.0,100.0,100.0,64.29,100.0,0.0,0.0,0.0,42.5
7,R011,黄志明,J015,供应链数据分析师,上海京东物流,上海,45.0,100.0,100.0,20.0,100.0,12.5,1.05,9.09,4.27,40.99
8,R011,黄志明,J002,算法工程师（机器学习）,深圳AI研究院,深圳,41.67,75.0,100.0,100.0,0.0,12.5,0.19,8.33,3.45,40.08
9,R011,黄志明,J019,视觉算法工程师,深圳大疆创新,深圳,41.67,75.0,100.0,100.0,0.0,12.5,0.2,8.33,3.45,40.08
10,R011,黄志明,J012,安全工程师（渗透测试）,北京奇安信,北京,41.67,100.0,100.0,20.0,0.0,12.5,0.18,8.33,3.44,39.83
1,R012,林雅文,J014,全栈开发工程师,广州腾讯系创业公司,广州,100.0,100.0,50.0,100.0,100.0,25.0,16.61,60.0,33.97,63.13
2,R012,林雅文,J001,后端开发工程师,杭州云智科技,杭州,91.67,100.0,50.0,20.0,100.0,25.0,3.63,33.33,15.51,52.9
3,R012,林雅文,J005,前端开发工程师,广州云栖网络,广州,75.0,100.0,50.0,100.0,100.0,25.0,13.06,23.08,17.07,52.2
4,R012,林雅文,J004,Java开发工程师,南昌智创软件,南昌,85.0,100.0,50.0,20.0,100.0,25.0,4.63,25.0,12.78,50.34
5,R012,林雅文,J009,DevOps工程师,上海蚂蚁金服,上海,75.0,100.0,25.0,20.0,0.0,25.0,2.24,23.08,10.58,44.4
6,R012,林雅文,J006,测试工程师,深圳华为外包中心,深圳,45.0,100.0,100.0,20.0,100.0,25.0,0.72,7.14,3.29,41.42
7,R012,林雅文,J003,数据分析师,上海数联科技有限公司,上海,45.0,100.0,100.0,20.0,100.0,25.0,0.18,7.14,2.97,41.35
8,R012,林雅文,J015,供应链数据分析师,上海京东物流,上海,45.0,100.0,50.0,20.0,0.0,25.0,1.07,7.14,3.5,36.46
9,R012,林雅文,J018,运营数据分析师,杭州阿里巴巴,杭州,41.67,100.0,50.0,20.0,0.0,25.0,0.19,6.67,2.78,35.32
10,R012,林雅文,J010,UI设计师,杭州网易创意,杭州,25.0,100.0,100.0,20.0,100.0,25.0,2.21,0.0,1.33,35.02
1,R013,何建华,J019,视觉算法工程师,深圳大疆创新,深圳,81.67,100.0,100.0,100.0,100.0,100.0,20.64,33.33,25.72,64.69
2,R013,何建华,J002,算法工程师（机器学习）,深圳AI研究院,深圳,58.33,100.0,100.0,100.0,57.14,100.0,6.46,14.29,9.59,54.44
3,R013,何建华,J007,嵌入式软件工程师,深圳拓疆机器人,深圳,65.0,100.0,100.0,100.0,0.0,12.5,1.09,15.38,6.81,51.51
4,R013,何建华,J001,后端开发工程师,杭州云智科技,杭州,75.0,100.0,100.0,20.0,0.0,12.5,2.92,23.08,10.98,51.36
5,R013,何建华,J009,DevOps工程师,上海蚂蚁金服,上海,75.0,100.0,100.0,20.0,100.0,12.5,1.87,23.08,10.36,51.23
6,R013,何建华,J014,全栈开发工程师,广州腾讯系创业公司,广州,58.33,100.0,100.0,20.0,0.0,12.5,2.11,14.29,6.98,45.54
7,R013,何建华,J020,量化开发工程师,上海幻方量化,上海,58.33,100.0,100.0,20.0,100.0,12.5,1.17,14.29,6.42,45.43
8,R013,何建华,J006,测试工程师,深圳华为外包中心,深圳,45.0,100.0,100.0,100.0,0.0,12.5,0.68,7.14,3.27,44.79
9,R013,何建华,J004,Java开发工程师,南昌智创软件,南昌,45.0,100.0,100.0,20.0,0.0,12.5,2.36,7.14,4.27,40.99
10,R013,何建华,J003,数据分析师,上海数联科技有限公司,上海,45.0,100.0,100.0,20.0,0.0,12.5,0.95,7.14,3.43,40.82
1,R014,马丽,J018,运营数据分析师,杭州阿里巴巴,杭州,41.67,75.0,100.0,100.0,0.0,100.0,5.45,7.69,6.35,45.03
2,R014,马丽,J003,数据分析师,上海数联科技有限公司,上海,45.0,75.0,100.0,20.0,100.0,100.0,0.39,8.33,3.57,41.48
3,R014,马丽,J001,后端开发工程师,杭州云智科技,杭州,25.0,75.0,100.0,100.0,0.0,100.0,0.0,0.0,0.0,38.75
4,R014,马丽,J010,UI设计师,杭州网易创意,杭州,25.0,75.0,100.0,100.0,100.0,100.0,0.0,0.0,0.0,38.75
5,R014,马丽,J008,产品经理（数据产品）,北京字节数据,北京,45.0,75.0,100.0,20.0,0.0,12.5,0.68,8.33,3.74,37.14
6,R014,马丽,J015,供应链数据分析师,上海京东物流,上海,45.0,75.0,100.0,20.0,0.0,12.5,0.38,8.33,3.56,37.1
7,R014,马丽,J017,教育产品经理,南昌新东方在线,南昌,45.0,75.0,100.0,20.0,100.0,12.5,0.36,8.33,3.55,37.1
8,R014,马丽,J014,全栈开发工程师,广州腾讯系创业公司,广州,25.0,75.0,100.0,20.0,0.0,100.0,0.97,0.0,0.58,34.87
9,R014,马丽,J005,前端开发工程师,广州云栖网络,广州,25.0,75.0,100.0,20.0,37.5,100.0,0.0,0.0,0.0,34.75
10,R014,马丽,J007,嵌入式软件工程师,深圳拓疆机器人,深圳,25.0,75.0,100.0,20.0,0.0,100.0,0.0,0.0,0.0,34.75
1,R015,杨帆,J012,安全工程师（渗透测试）,北京奇安信,北京,100.0,100.0,100.0,100.0,100.0,62.5,11.51,60.0,30.9,69.4
2,R015,杨帆,J003,数据分析师,上海数联科技有限公司,上海,45.0,100.0,100.0,20.0,0.0,100.0,0.44,7.14,3.12,45.14
3,R015,杨帆,J001,后端开发工程师,杭州云智科技,杭州,41.67,100.0,100.0,20.0,0.0,100.0,1.66,6.67,3.66,44.24
4,R015,杨帆,J014,全栈开发工程师,广州腾讯系创业公司,广州,41.67,100.0,100.0,20.0,0.0,100.0,0.2,6.67,2.79,44.07
5,R015,杨帆,J018,运营数据分析师,杭州阿里巴巴,杭州,41.67,100.0,100.0,20.0,18.18,100.0,0.19,6.67,2.78,44.07
6,R015,杨帆,J015,供应链数据分析师,上海京东物流,上海,45.0,100.0,100.0,20.0,0.0,25.0,0.18,7.14,2.97,41.35
7,R015,杨帆,J009,DevOps工程师,上海蚂蚁金服,上海,41.67,100.0,100.0,20.0,100.0,25.0,4.76,6.67,5.52,40.86
8,R015,杨帆,J016,网络安全架构师,深圳深信服,北京,25.0,100.0,100.0,100.0,64.29,25.0,1.04,0.0,0.62,38.87
9,R015,杨帆,J008,产品经理（数据产品）,北京字节数据,北京,25.0,100.0,100.0,100.0,64.0,25.0,0.57,0.0,0.34,38.82
10,R015,杨帆,J005,前端开发工程师,广州云栖网络,广州,25.0,100.0,100.0,20.0,0.0,100.0,0.25,0.0,0.15,38.53
1,R016,韩梅梅,J003,数据分析师,上海数联科技有限公司,上海,65.0,100.0,100.0,20.0,100.0,12.5,1.17,18.18,7.97,47.75
2,R016,韩梅梅,J015,供应链数据分析师,上海京东物流,上海,65.0,100.0,100.0,20.0,0.0,12.5,1.14,18.18,7.95,47.74
3,R016,韩梅梅,J002,算法工程师（机器学习）,深圳AI研究院,深圳,58.33,75.0,100.0,20.0,0.0,100.0,1.07,16.67,7.31,46.24
4,R016,韩梅梅,J017,教育产品经理,南昌新东方在线,南昌,45.0,100.0,100.0,100.0,100.0,12.5,8.44,8.33,8.4,45.82
5,R016,韩梅梅,J014,全栈开发工程师,广州腾讯系创业公司,广州,58.33,100.0,100.0,20.0,44.44,12.5,2.32,16.67,8.06,45.76
6,R016,韩梅梅,J018,运营数据分析师,杭州阿里巴巴,杭州,58.33,100.0,100.0,20.0,0.0,12.5,1.18,16.67,7.38,45.63
7,R016,韩梅梅,J004,Java开发工程师,南昌智创软件,南昌,45.0,100.0,100.0,100.0,100.0,12.5,2.76,8.33,4.99,45.13
8,R016,韩梅梅,J008,产品经理（数据产品）,北京字节数据,北京,45.0,100.0,100.0,20.0,0.0,12.5,2.75,8.33,4.99,41.13
9,R016,韩梅梅,J001,后端开发工程师,杭州云智科技,杭州,41.67,100.0,100.0,20.0,44.44,12.5,5.77,7.69,6.54,40.44
10,R016,韩梅梅,J019,视觉算法工程师,深圳大疆创新,深圳,41.67,75.0,100.0,20.0,0.0,100.0,0.35,7.69,3.29,40.42
1,R017,陈晓东,J007,嵌入式软件工程师,深圳拓疆机器人,深圳,65.0,100.0,66.67,100.0,23.08,100.0,1.46,15.38,7.03,52.6
2,R017,陈晓东,J006,测试工程师,深圳华为外包中心,深圳,45.0,100.0,100.0,100.0,100.0,12.5,1.59,7.14,3.81,44.9
3,R017,陈晓东,J001,后端开发工程师,杭州云智科技,杭州,41.67,100.0,100.0,20.0,100.0,100.0,2.31,6.67,4.05,44.32
4,R017,陈晓东,J013,机械结构工程师,深圳比亚迪工程,深圳,25.0,100.0,100.0,100.0,100.0,100.0,0.23,0.0,0.14,42.53
5,R017,陈晓东,J004,Java开发工程师,南昌智创软件,南昌,45.0,100.0,100.0,20.0,100.0,12.5,1.36,7.14,3.67,40.87
6,R017,陈晓东,J014,全栈开发工程师,广州腾讯系创业公司,广州,25.0,100.0,100.0,20.0,100.0,100.0,1.1,0.0,0.66,38.63
7,R017,陈晓东,J005,前端开发工程师,广州云栖网络,广州,25.0,100.0,100.0,20.0,100.0,100.0,0.63,0.0,0.38,38.58
8,R017,陈晓东,J003,数据分析师,上海数联科技有限公司,上海,25.0,100.0,100.0,20.0,100.0,100.0,0.26,0.0,0.16,38.53
9,R017,陈晓东,J010,UI设计师,杭州网易创意,杭州,25.0,100.0,100.0,20.0,100.0,100.0,0.26,0.0,0.16,38.53
10,R017,陈晓东,J018,运营数据分析师,杭州阿里巴巴,杭州,25.0,100.0,100.0,20.0,100.0,100.0,0.0,0.0,0.0,38.5
1,R018,张晓丽,J015,供应链数据分析师,上海京东物流,上海,100.0,100.0,100.0,100.0,100.0,25.0,24.61,36.36,29.31,67.17
2,R018,张晓丽,J003,数据分析师,上海数联科技有限公司,上海,85.0,100.0,100.0,100.0,40.0,25.0,6.29,25.0,13.78,59.54
3,R018,张晓丽,J018,运营数据分析师,杭州阿里巴巴,杭州,75.0,100.0,100.0,20.0,100.0,25.0,6.36,23.08,13.05,52.39
4,R018,张晓丽,J002,算法工程师（机器学习）,深圳AI研究院,深圳,58.33,100.0,100.0,20.0,44.44,100.0,1.37,14.29,6.53,49.83
5,R018,张晓丽,J014,全栈开发工程师,广州腾讯系创业公司,广州,58.33,100.0,100.0,20.0,100.0,25.0,2.3,14.29,7.1,46.19
6,R018,张晓丽,J020,量化开发工程师,上海幻方量化,上海,41.67,100.0,100.0,100.0,44.44,25.0,3.84,6.67,4.97,44.75
7,R018,张晓丽,J009,DevOps工程师,上海蚂蚁金服,上海,41.67,100.0,100.0,100.0,0.0,25.0,0.33,6.67,2.87,44.33
8,R018,张晓丽,J019,视觉算法工程师,深圳大疆创新,深圳,41.67,100.0,100.0,20.0,0.0,100.0,1.74,6.67,3.71,44.25
9,R018,张晓丽,J008,产品经理（数据产品）,北京字节数据,北京,45.0,100.0,100.0,20.0,100.0,25.0,3.12,7.14,4.73,41.71
10,R018,张晓丽,J004,Java开发工程师,南昌智创软件,南昌,45.0,100.0,100.0,20.0,40.0,25.0,1.76,7.14,3.92,41.54
1,R019,李俊豪,J014,全栈开发工程师,广州腾讯系创业公司,广州,91.67,100.0,0.0,100.0,0.0,100.0,5.32,33.33,16.53,55.86
2,R019,李俊豪,J004,Java开发工程师,南昌智创软件,南昌,100.0,100.0,0.0,20.0,28.57,100.0,12.81,36.36,22.23,55.5
3,R019,李俊豪,J001,后端开发工程师,杭州云智科技,杭州,91.67,100.0,0.0,20.0,0.0,100.0,6.02,33.33,16.94,51.94
4,R019,李俊豪,J005,前端开发工程师,广州云栖网络,广州,41.67,100.0,0.0,100.0,0.0,100.0,1.75,6.67,3.72,38.25
5,R019,李俊豪,J009,DevOps工程师,上海蚂蚁金服,上海,58.33,100.0,0.0,20.0,0.0,25.0,1.11,14.29,6.38,36.05
6,R019,李俊豪,J003,数据分析师,上海数联科技有限公司,上海,45.0,100.0,0.0,20.0,28.57,100.0,0.18,7.14,2.97,35.1
7,R019,李俊豪,J018,运营数据分析师,杭州阿里巴巴,杭州,41.67,100.0,0.0,20.0,0.0,100.0,0.18,6.67,2.78,34.07
8,R019,李俊豪,J015,供应链数据分析师,上海京东物流,上海,45.0,100.0,0.0,20.0,0.0,25.0,0.18,7.14,2.96,31.35
9,R019,李俊豪,J012,安全工程师（渗透测试）,北京奇安信,北京,41.67,100.0,0.0,20.0,0.0,25.0,0.53,6.67,2.98,30.36
10,R019,李俊豪,J007,嵌入式软件工程师,深圳拓疆机器人,深圳,25.0,100.0,0.0,20.0,0.0,100.0,2.16,0.0,1.3,28.76
1,R020,王丽娟,J015,供应链数据分析师,上海京东物流,上海,85.0,100.0,100.0,100.0,100.0,25.0,2.01,27.27,12.11,59.21
2,R020,王丽娟,J003,数据分析师,上海数联科技有限公司,上海,85.0,100.0,100.0,100.0,80.0,25.0,1.56,27.27,11.84,59.16
3,R020,王丽娟,J020,量化开发工程师,上海幻方量化,上海,75.0,75.0,100.0,100.0,0.0,25.0,15.48,25.0,19.29,53.89
4,R020,王丽娟,J018,运营数据分析师,杭州阿里巴巴,杭州,75.0,100.0,100.0,20.0,100.0,25.0,1.32,25.0,10.79,51.95
5,R020,王丽娟,J014,全栈开发工程师,广州腾讯系创业公司,广州,58.33,100.0,100.0,20.0,100.0,25.0,1.35,15.38,6.97,46.17
6,R020,王丽娟,J002,算法工程师（机器学习）,深圳AI研究院,深圳,58.33,75.0,100.0,20.0,0.0,100.0,0.91,15.38,6.7,46.11
7,R020,王丽娟,J009,DevOps工程师,上海蚂蚁金服,上海,41.67,100.0,75.0,100.0,0.0,25.0,1.56,7.14,3.79,42.02
8,R020,王丽娟,J004,Java开发工程师,南昌智创软件,南昌,45.0,100.0,100.0,20.0,80.0,25.0,0.93,7.69,3.64,41.49
9,R020,王丽娟,J008,产品经理（数据产品）,北京字节数据,北京,45.0,100.0,100.0,20.0,100.0,25.0,0.9,7.69,3.62,41.48
10,R020,王丽娟,J011,HR招聘专员,南昌智联招聘,南昌,45.0,100.0,100.0,20.0,0.0,25.0,0.68,7.69,3.48,41.46
1,R021,刘子轩,J002,算法工程师（机器学习）,深圳AI研究院,深圳,91.67,75.0,33.33,20.0,0.0,25.0,5.8,36.36,18.03,47.99
2,R021,刘子轩,J003,数据分析师,上海数联科技有限公司,上海,45.0,100.0,100.0,20.0,100.0,100.0,0.14,7.69,3.16,45.14
3,R021,刘子轩,J019,视觉算法工程师,深圳大疆创新,深圳,75.0,75.0,33.33,20.0,0.0,25.0,2.79,25.0,11.67,41.71
4,R021,刘子轩,J001,后端开发工程师,杭州云智科技,杭州,41.67,100.0,50.0,20.0,100.0,100.0,0.91,7.14,3.4,39.19
5,R021,刘子轩,J014,全栈开发工程师,广州腾讯系创业公司,广州,41.67,100.0,50.0,20.0,100.0,100.0,0.66,7.14,3.26,39.16
6,R021,刘子轩,J018,运营数据分析师,杭州阿里巴巴,杭州,41.67,100.0,50.0,20.0,58.33,100.0,0.14,7.14,2.94,39.1
7,R021,刘子轩,J010,UI设计师,杭州网易创意,杭州,25.0,100.0,100.0,20.0,100.0,100.0,0.0,0.0,0.0,38.5
8,R021,刘子轩,J012,安全工程师（渗透测试）,北京奇安信,北京,41.67,100.0,33.33,100.0,0.0,25.0,0.12,7.14,2.93,37.68
9,R021,刘子轩,J015,供应链数据分析师,上海京东物流,上海,45.0,100.0,50.0,20.0,100.0,25.0,0.82,7.69,3.57,36.48
10,R021,刘子轩,J006,测试工程师,深圳华为外包中心,深圳,25.0,100.0,100.0,20.0,100.0,25.0,0.44,0.0,0.27,34.8
1,R022,赵婉儿,J010,UI设计师,杭州网易创意,杭州,100.0,100.0,100.0,100.0,100.0,100.0,20.79,50.0,32.47,71.57
2,R022,赵婉儿,J003,数据分析师,上海数联科技有限公司,上海,45.0,100.0,100.0,20.0,100.0,100.0,3.1,7.14,4.72,45.45
3,R022,赵婉儿,J018,运营数据分析师,杭州阿里巴巴,杭州,41.67,100.0,50.0,100.0,0.0,100.0,4.68,6.67,5.47,43.6
4,R022,赵婉儿,J008,产品经理（数据产品）,北京字节数据,北京,65.0,100.0,50.0,20.0,0.0,12.5,3.47,15.38,8.24,42.8
5,R022,赵婉儿,J017,教育产品经理,南昌新东方在线,南昌,65.0,100.0,50.0,20.0,100.0,12.5,1.47,15.38,7.04,42.56
6,R022,赵婉儿,J005,前端开发工程师,广州云栖网络,广州,41.67,100.0,50.0,20.0,100.0,100.0,5.31,6.67,5.86,39.68
7,R022,赵婉儿,J001,后端开发工程师,杭州云智科技,杭州,25.0,100.0,50.0,100.0,44.44,100.0,6.08,0.0,3.65,38.23
8,R022,赵婉儿,J015,供应链数据分析师,上海京东物流,上海,45.0,100.0,50.0,20.0,0.0,12.5,3.64,7.14,5.04,36.14
9,R022,赵婉儿,J011,HR招聘专员,南昌智联招聘,南昌,25.0,100.0,100.0,20.0,100.0,12.5,0.87,0.0,0.52,34.23
10,R022,赵婉儿,J006,测试工程师,深圳华为外包中心,深圳,25.0,100.0,100.0,20.0,100.0,12.5,0.22,0.0,0.13,34.15
1,R023,周明远,J003,数据分析师,上海数联科技有限公司,上海,45.0,100.0,100.0,20.0,0.0,100.0,0.41,7.69,3.32,45.18
2,R023,周明远,J001,后端开发工程师,杭州云智科技,杭州,41.67,100.0,100.0,20.0,100.0,100.0,0.66,7.14,3.25,44.16
3,R023,周明远,J014,全栈开发工程师,广州腾讯系创业公司,广州,41.67,100.0,100.0,20.0,66.67,100.0,0.18,7.14,2.97,44.1
4,R023,周明远,J018,运营数据分析师,杭州阿里巴巴,杭州,41.67,100.0,100.0,20.0,100.0,100.0,0.18,7.14,2.96,44.1
5,R023,周明远,J007,嵌入式软件工程师,深圳拓疆机器人,深圳,25.0,100.0,100.0,100.0,100.0,100.0,0.23,0.0,0.14,42.53
6,R023,周明远,J013,机械结构工程师,深圳比亚迪工程,深圳,25.0,100.0,100.0,100.0,100.0,100.0,0.22,0.0,0.13,42.53
7,R023,周明远,J015,供应链数据分析师,上海京东物流,上海,45.0,100.0,100.0,20.0,100.0,25.0,0.17,7.69,3.18,41.4
8,R023,周明远,J002,算法工程师（机器学习）,深圳AI研究院,深圳,41.67,75.0,100.0,100.0,100.0,25.0,0.38,7.14,3.08,40.63
9,R023,周明远,J019,视觉算法工程师,深圳大疆创新,深圳,41.67,75.0,100.0,100.0,0.0,25.0,0.39,7.14,3.09,40.63
10,R023,周明远,J009,DevOps工程师,上海蚂蚁金服,上海,41.67,100.0,100.0,20.0,50.0,25.0,1.08,7.14,3.5,40.46
1,R024,吴思琪,J004,Java开发工程师,南昌智创软件,南昌,100.0,100.0,100.0,100.0,100.0,25.0,7.62,50.0,24.57,66.24
2,R024,吴思琪,J001,后端开发工程师,杭州云智科技,杭州,98.33,100.0,100.0,20.0,100.0,100.0,5.09,45.45,21.24,64.82
3,R024,吴思琪,J014,全栈开发工程师,广州腾讯系创业公司,广州,91.67,100.0,100.0,20.0,100.0,100.0,7.89,33.33,18.07,62.16
4,R024,吴思琪,J009,DevOps工程师,上海蚂蚁金服,上海,75.0,100.0,75.0,20.0,0.0,25.0,2.4,23.08,10.67,49.42
5,R024,吴思琪,J017,教育产品经理,南昌新东方在线,南昌,45.0,100.0,100.0,100.0,100.0,100.0,0.94,7.14,3.42,49.2
6,R024,吴思琪,J008,产品经理（数据产品）,北京字节数据,北京,45.0,100.0,100.0,20.0,0.0,100.0,1.58,7.14,3.81,45.27
7,R024,吴思琪,J007,嵌入式软件工程师,深圳拓疆机器人,深圳,45.0,100.0,100.0,20.0,0.0,100.0,1.25,7.14,3.61,45.23
8,R024,吴思琪,J003,数据分析师,上海数联科技有限公司,上海,45.0,100.0,100.0,20.0,100.0,100.0,0.18,7.14,2.97,45.1
9,R024,吴思琪,J005,前端开发工程师,广州云栖网络,广州,41.67,100.0,100.0,20.0,100.0,100.0,0.68,6.67,3.08,44.13
10,R024,吴思琪,J018,运营数据分析师,杭州阿里巴巴,杭州,41.67,100.0,100.0,20.0,0.0,100.0,0.19,6.67,2.78,44.07
1,R025,冯浩然,J016,网络安全架构师,深圳深信服,北京,91.67,100.0,60.0,100.0,0.0,62.5,26.29,33.33,29.11,62.5
2,R025,冯浩然,J012,安全工程师（渗透测试）,北京奇安信,北京,58.33,100.0,100.0,100.0,100.0,25.0,12.38,14.29,13.14,51.4
3,R025,冯浩然,J001,后端开发工程师,杭州云智科技,杭州,58.33,100.0,100.0,20.0,25.0,25.0,6.17,14.29,9.41,46.65
4,R025,冯浩然,J019,视觉算法工程师,深圳大疆创新,深圳,41.67,100.0,100.0,20.0,100.0,100.0,0.96,6.67,3.24,44.16
5,R025,冯浩然,J002,算法工程师（机器学习）,深圳AI研究院,深圳,41.67,100.0,100.0,20.0,100.0,100.0,0.15,6.67,2.76,44.06
6,R025,冯浩然,J004,Java开发工程师,南昌智创软件,南昌,45.0,100.0,100.0,20.0,0.0,25.0,5.1,7.14,5.92,41.94
7,R025,冯浩然,J003,数据分析师,上海数联科技有限公司,上海,45.0,100.0,100.0,20.0,0.0,25.0,0.17,7.14,2.96,41.35
8,R025,冯浩然,J015,供应链数据分析师,上海京东物流,上海,45.0,100.0,100.0,20.0,25.0,25.0,0.17,7.14,2.96,41.35
9,R025,冯浩然,J014,全栈开发工程师,广州腾讯系创业公司,广州,41.67,100.0,100.0,20.0,0.0,25.0,1.53,6.67,3.59,40.48
10,R025,冯浩然,J020,量化开发工程师,上海幻方量化,上海,41.67,100.0,100.0,20.0,100.0,25.0,1.15,6.67,3.36,40.43
1,R026,孙一凡,J003,数据分析师,上海数联科技有限公司,上海,100.0,100.0,100.0,100.0,100.0,100.0,8.84,36.36,19.85,69.02
2,R026,孙一凡,J018,运营数据分析师,杭州阿里巴巴,杭州,100.0,100.0,100.0,20.0,0.0,100.0,22.53,60.0,37.52,68.59
3,R026,孙一凡,J015,供应链数据分析师,上海京东物流,上海,100.0,100.0,100.0,100.0,0.0,12.5,7.16,36.36,18.84,64.45
4,R026,孙一凡,J001,后端开发工程师,杭州云智科技,杭州,58.33,100.0,100.0,20.0,11.76,100.0,1.74,14.29,6.76,49.87
5,R026,孙一凡,J008,产品经理（数据产品）,北京字节数据,北京,65.0,100.0,100.0,20.0,0.0,12.5,4.59,15.38,8.91,47.93
6,R026,孙一凡,J017,教育产品经理,南昌新东方在线,南昌,65.0,100.0,100.0,20.0,100.0,12.5,1.78,15.38,7.22,47.59
7,R026,孙一凡,J014,全栈开发工程师,广州腾讯系创业公司,广州,41.67,100.0,100.0,20.0,11.76,100.0,0.21,6.67,2.79,44.07
8,R026,孙一凡,J011,HR招聘专员,南昌智联招聘,南昌,45.0,100.0,100.0,20.0,100.0,12.5,2.29,7.14,4.23,40.98
9,R026,孙一凡,J006,测试工程师,深圳华为外包中心,深圳,45.0,100.0,100.0,20.0,100.0,12.5,1.36,7.14,3.67,40.87
10,R026,孙一凡,J020,量化开发工程师,上海幻方量化,上海,41.67,75.0,100.0,100.0,0.0,12.5,0.88,6.67,3.19,40.02
1,R027,曹子健,J013,机械结构工程师,深圳比亚迪工程,深圳,45.0,100.0,100.0,20.0,100.0,100.0,5.77,7.14,6.32,45.77
2,R027,曹子健,J003,数据分析师,上海数联科技有限公司,上海,45.0,100.0,100.0,20.0,40.0,100.0,1.21,7.14,3.58,45.23
3,R027,曹子健,J014,全栈开发工程师,广州腾讯系创业公司,广州,41.67,100.0,100.0,20.0,100.0,100.0,3.9,6.67,5.01,44.51
4,R027,曹子健,J001,后端开发工程师,杭州云智科技,杭州,41.67,100.0,100.0,20.0,100.0,100.0,2.6,6.67,4.23,44.36
5,R027,曹子健,J018,运营数据分析师,杭州阿里巴巴,杭州,41.67,100.0,100.0,20.0,100.0,100.0,0.18,6.67,2.77,44.06
6,R027,曹子健,J015,供应链数据分析师,上海京东物流,上海,45.0,100.0,100.0,20.0,100.0,25.0,0.17,7.14,2.96,41.35
7,R027,曹子健,J009,DevOps工程师,上海蚂蚁金服,上海,41.67,100.0,100.0,20.0,0.0,25.0,1.89,6.67,3.8,40.52
8,R027,曹子健,J012,安全工程师（渗透测试）,北京奇安信,北京,41.67,100.0,100.0,20.0,44.44,25.0,1.7,6.67,3.69,40.5
9,R027,曹子健,J011,HR招聘专员,南昌智联招聘,南昌,25.0,100.0,100.0,100.0,0.0,25.0,0.62,0.0,0.37,38.82
10,R027,曹子健,J004,Java开发工程师,南昌智创软件,南昌,25.0,100.0,100.0,100.0,40.0,25.0,0.54,0.0,0.32,38.81
1,R028,田雨晴,J015,供应链数据分析师,上海京东物流,上海,65.0,100.0,100.0,100.0,100.0,25.0,3.7,16.67,8.89,52.55
2,R028,田雨晴,J003,数据分析师,上海数联科技有限公司,上海,65.0,100.0,100.0,100.0,100.0,25.0,3.05,16.67,8.5,52.47
3,R028,田雨晴,J002,算法工程师（机器学习）,深圳AI研究院,深圳,75.0,75.0,66.67,20.0,0.0,100.0,3.61,25.0,12.17,48.89
4,R028,田雨晴,J018,运营数据分析师,杭州阿里巴巴,杭州,58.33,100.0,100.0,20.0,100.0,25.0,3.08,15.38,8.0,46.37
5,R028,田雨晴,J001,后端开发工程师,杭州云智科技,杭州,58.33,100.0,100.0,20.0,100.0,25.0,1.97,15.38,7.33,46.24
6,R028,田雨晴,J009,DevOps工程师,上海蚂蚁金服,上海,58.33,100.0,50.0,100.0,0.0,25.0,1.09,15.38,6.81,45.14
7,R028,田雨晴,J008,产品经理（数据产品）,北京字节数据,北京,45.0,100.0,100.0,20.0,23.08,25.0,3.89,7.69,5.41,41.84
8,R028,田雨晴,J006,测试工程师,深圳华为外包中心,深圳,45.0,100.0,100.0,20.0,100.0,25.0,1.46,7.69,3.95,41.55
9,R028,田雨晴,J017,教育产品经理,南昌新东方在线,南昌,45.0,100.0,100.0,20.0,100.0,25.0,1.08,7.69,3.72,41.51
10,R028,田雨晴,J004,Java开发工程师,南昌智创软件,南昌,45.0,100.0,100.0,20.0,100.0,25.0,0.94,7.69,3.64,41.49
1,R029,韩志远,J007,嵌入式软件工程师,深圳拓疆机器人,深圳,85.0,100.0,100.0,100.0,100.0,100.0,6.14,25.0,13.68,63.27
2,R029,韩志远,J001,后端开发工程师,杭州云智科技,杭州,58.33,100.0,100.0,20.0,100.0,100.0,0.56,14.29,6.05,49.73
3,R029,韩志远,J009,DevOps工程师,上海蚂蚁金服,上海,58.33,100.0,100.0,20.0,21.05,12.5,0.52,14.29,6.02,45.35
4,R029,韩志远,J003,数据分析师,上海数联科技有限公司,上海,45.0,100.0,100.0,20.0,20.0,100.0,0.16,7.14,2.95,45.1
5,R029,韩志远,J006,测试工程师,深圳华为外包中心,深圳,45.0,100.0,100.0,100.0,0.0,12.5,0.34,7.14,3.06,44.75
6,R029,韩志远,J014,全栈开发工程师,广州腾讯系创业公司,广州,41.67,100.0,100.0,20.0,83.33,100.0,0.17,6.67,2.77,44.06
7,R029,韩志远,J018,运营数据分析师,杭州阿里巴巴,杭州,41.67,100.0,100.0,20.0,100.0,100.0,0.16,6.67,2.76,44.06
8,R029,韩志远,J013,机械结构工程师,深圳比亚迪工程,深圳,25.0,100.0,100.0,100.0,100.0,100.0,1.86,0.0,1.12,42.72
9,R029,韩志远,J020,量化开发工程师,上海幻方量化,上海,58.33,75.0,100.0,20.0,73.68,12.5,0.16,14.29,5.81,41.56
10,R029,韩志远,J015,供应链数据分析师,上海京东物流,上海,45.0,100.0,100.0,20.0,100.0,12.5,0.94,7.14,3.42,40.82
1,R030,胡晓敏,J012,安全工程师（渗透测试）,北京奇安信,北京,58.33,100.0,66.67,20.0,0.0,62.5,15.19,14.29,14.83,46.28
2,R030,胡晓敏,J014,全栈开发工程师,广州腾讯系创业公司,广州,41.67,100.0,100.0,100.0,100.0,25.0,1.12,6.67,3.34,44.43
3,R030,胡晓敏,J003,数据分析师,上海数联科技有限公司,上海,45.0,100.0,100.0,20.0,100.0,25.0,0.98,7.14,3.44,41.45
4,R030,胡晓敏,J015,供应链数据分析师,上海京东物流,上海,45.0,100.0,100.0,20.0,100.0,25.0,0.17,7.14,2.96,41.35
5,R030,胡晓敏,J001,后端开发工程师,杭州云智科技,杭州,41.67,100.0,100.0,20.0,100.0,25.0,1.88,6.67,3.8,40.52
6,R030,胡晓敏,J018,运营数据分析师,杭州阿里巴巴,杭州,41.67,100.0,100.0,20.0,100.0,25.0,0.18,6.67,2.77,40.31
7,R030,胡晓敏,J005,前端开发工程师,广州云栖网络,广州,25.0,100.0,100.0,100.0,100.0,25.0,2.22,0.0,1.33,39.02
8,R030,胡晓敏,J002,算法工程师（机器学习）,深圳AI研究院,深圳,41.67,75.0,66.67,20.0,0.0,100.0,0.16,6.67,2.76,36.98
9,R030,胡晓敏,J019,视觉算法工程师,深圳大疆创新,深圳,41.67,75.0,66.67,20.0,0.0,100.0,0.17,6.67,2.77,36.98
10,R030,胡晓敏,J020,量化开发工程师,上海幻方量化,上海,41.67,75.0,100.0,20.0,0.0,25.0,0.17,6.67,2.77,36.56
